Tiempo (s),Masa (kg),Cantidad de Cuerda (m),Altura (m),Posicion (m),Velocidad (m/s),Constante de Elasticidad (N/m),Constante del Aire,Gravedad (m/s2)
9.7999935,45.0,168,240.0,-0.0024471283,13.721636,12.0,1.35,1.62
9.899994,45.0,168,240.0,1.4139543,13.825937,12.0,1.35,1.62
9.999994,45.0,168,240.0,2.8382382,13.893995,12.0,1.35,1.62
10.099995,45.0,168,240.0,4.266683,13.925742,12.0,1.35,1.62
10.199995,45.0,168,240.0,5.695557,13.921206,12.0,1.35,1.62
10.299995,45.0,168,240.0,7.1211543,13.880503,12.0,1.35,1.62
10.399996,45.0,168,240.0,8.539789,13.80385,12.0,1.35,1.62
10.499996,45.0,168,240.0,9.947765,13.691552,12.0,1.35,1.62
10.599997,45.0,168,240.0,11.341475,13.54401,12.0,1.35,1.62
10.699997,45.0,168,240.0,12.717331,13.361708,12.0,1.35,1.62
10.799997,45.0,168,240.0,14.071819,13.145227,12.0,1.35,1.62
10.899998,45.0,168,240.0,15.401484,12.89523,12.0,1.35,1.62
10.999998,45.0,168,240.0,16.702932,12.612468,12.0,1.35,1.62
11.099998,45.0,168,240.0,17.972893,12.297771,12.0,1.35,1.62
11.199999,45.0,168,240.0,19.208124,11.952055,12.0,1.35,1.62
11.299999,45.0,168,240.0,20.40554,11.576312,12.0,1.35,1.62
11.4,45.0,168,240.0,21.562138,11.171606,12.0,1.35,1.62
11.5,45.0,168,240.0,22.675032,10.739077,12.0,1.35,1.62
11.6,45.0,168,240.0,23.74146,10.27993,12.0,1.35,1.62
11.700001,45.0,168,240.0,24.758804,9.795435,12.0,1.35,1.62
11.800001,45.0,168,240.0,25.724543,9.286934,12.0,1.35,1.62
11.900002,45.0,168,240.0,26.636335,8.755817,12.0,1.35,1.62
12.000002,45.0,168,240.0,27.49197,8.203532,12.0,1.35,1.62
12.100002,45.0,168,240.0,28.289387,7.631576,12.0,1.35,1.62
12.200003,45.0,168,240.0,29.026695,7.0414968,12.0,1.35,1.62
12.300003,45.0,168,240.0,29.702162,6.4348745,12.0,1.35,1.62
12.400003,45.0,168,240.0,30.314201,5.8133454,12.0,1.35,1.62
12.500004,45.0,168,240.0,30.86142,5.178565,12.0,1.35,1.62
12.600004,45.0,168,240.0,31.34259,4.532222,12.0,1.35,1.62
12.700005,45.0,168,240.0,31.756657,3.876031,12.0,1.35,1.62
12.800005,45.0,168,240.0,32.102745,3.2117271,12.0,1.35,1.62
12.900005,45.0,168,240.0,32.380157,2.5410604,12.0,1.35,1.62
13.000006,45.0,168,240.0,32.588387,1.8657866,12.0,1.35,1.62
13.100006,45.0,168,240.0,32.72709,1.1876864,12.0,1.35,1.62
13.2000065,45.0,168,240.0,32.79611,0.5085249,12.0,1.35,1.62
13.300007,45.0,168,240.0,32.795483,-0.16993046,12.0,1.35,1.62
13.400007,45.0,168,240.0,32.725414,-0.84591675,12.0,1.35,1.62
13.500008,45.0,168,240.0,32.5863,-1.5176868,12.0,1.35,1.62
13.600008,45.0,168,240.0,32.3787,-2.1835122,12.0,1.35,1.62
13.700008,45.0,168,240.0,32.103363,-2.8416686,12.0,1.35,1.62
13.800009,45.0,168,240.0,31.761208,-3.4904742,12.0,1.35,1.62
13.900009,45.0,168,240.0,31.353321,-4.1282716,12.0,1.35,1.62
14.00001,45.0,168,240.0,30.880959,-4.753436,12.0,1.35,1.62
14.10001,45.0,168,240.0,30.34554,-5.364381,12.0,1.35,1.62
14.20001,45.0,168,240.0,29.748642,-5.959566,12.0,1.35,1.62
14.300011,45.0,168,240.0,29.092005,-6.537479,12.0,1.35,1.62
14.400011,45.0,168,240.0,28.377514,-7.096676,12.0,1.35,1.62
14.500011,45.0,168,240.0,27.6072,-7.6357617,12.0,1.35,1.62
14.600012,45.0,168,240.0,26.783228,-8.153393,12.0,1.35,1.62
14.700012,45.0,168,240.0,25.907902,-8.64829,12.0,1.35,1.62
14.800013,45.0,168,240.0,24.983644,-9.119234,12.0,1.35,1.62
14.900013,45.0,168,240.0,24.012999,-9.565077,12.0,1.35,1.62
15.000013,45.0,168,240.0,22.998644,-9.984723,12.0,1.35,1.62
15.100014,45.0,168,240.0,21.943336,-10.37717,12.0,1.35,1.62
15.200014,45.0,168,240.0,20.849943,-10.741479,12.0,1.35,1.62
15.3000145,45.0,168,240.0,19.721418,-11.076781,12.0,1.35,1.62
15.400015,45.0,168,240.0,18.560799,-11.382298,12.0,1.35,1.62
15.500015,45.0,168,240.0,17.371187,-11.657326,12.0,1.35,1.62
15.600016,45.0,168,240.0,16.15578,-11.901233,12.0,1.35,1.62
15.700016,45.0,168,240.0,14.917818,-12.11348,12.0,1.35,1.62
15.800016,45.0,168,240.0,13.660551,-12.293618,12.0,1.35,1.62
15.900017,45.0,168,240.0,12.387322,-12.441269,12.0,1.35,1.62
16.000017,45.0,168,240.0,11.101517,-12.556144,12.0,1.35,1.62
16.100018,45.0,168,240.0,9.806465,-12.638046,12.0,1.35,1.62
16.200018,45.0,168,240.0,8.505606,-12.686861,12.0,1.35,1.62
16.300018,45.0,168,240.0,7.202291,-12.702557,12.0,1.35,1.62
16.400019,45.0,168,240.0,5.899963,-12.685195,12.0,1.35,1.62
16.50002,45.0,168,240.0,4.601954,-12.63492,12.0,1.35,1.62
16.60002,45.0,168,240.0,3.3116517,-12.551958,12.0,1.35,1.62
16.70002,45.0,168,240.0,2.0324073,-12.436625,12.0,1.35,1.62
16.80002,45.0,168,240.0,0.76746416,-12.289314,12.0,1.35,1.62
16.90002,45.0,168,240.0,-0.47988367,-12.11051,12.0,1.35,1.62
17.000021,45.0,168,240.0,-1.7064929,-11.900763,12.0,1.35,1.62
17.100021,45.0,168,240.0,-2.9092174,-11.660715,12.0,1.35,1.62
17.200022,45.0,168,240.0,-4.0849814,-11.391083,12.0,1.35,1.62
17.300022,45.0,168,240.0,-5.2308507,-11.092648,12.0,1.35,1.62
17.400023,45.0,168,240.0,-6.3438973,-10.766283,12.0,1.35,1.62
17.500023,45.0,168,240.0,-7.4213634,-10.412907,12.0,1.35,1.62
17.600023,45.0,168,240.0,-8.460518,-10.033531,12.0,1.35,1.62
17.700024,45.0,168,240.0,-9.458815,-9.6292095,12.0,1.35,1.62
17.800024,45.0,168,240.0,-10.413761,-9.201065,12.0,1.35,1.62
17.900024,45.0,168,240.0,-11.322985,-8.750299,12.0,1.35,1.62
18.000025,45.0,168,240.0,-12.184298,-8.27813,12.0,1.35,1.62
18.100025,45.0,168,240.0,-12.995569,-7.7858667,12.0,1.35,1.62
18.200026,45.0,168,240.0,-13.754871,-7.2748303,12.0,1.35,1.62
18.300026,45.0,168,240.0,-14.4603615,-6.746424,12.0,1.35,1.62
18.400026,45.0,168,240.0,-15.110388,-6.2020526,12.0,1.35,1.62
18.500027,45.0,168,240.0,-15.703417,-5.6431894,12.0,1.35,1.62
18.600027,45.0,168,240.0,-16.238064,-5.0713396,12.0,1.35,1.62
18.700027,45.0,168,240.0,-16.713142,-4.4880085,12.0,1.35,1.62
18.800028,45.0,168,240.0,-17.127565,-3.894766,12.0,1.35,1.62
18.900028,45.0,168,240.0,-17.480465,-3.2931626,12.0,1.35,1.62
19.000029,45.0,168,240.0,-17.771091,-2.6847978,12.0,1.35,1.62
19.100029,45.0,168,240.0,-17.998873,-2.071283,12.0,1.35,1.62
19.20003,45.0,168,240.0,-18.163414,-1.4542074,12.0,1.35,1.62
19.30003,45.0,168,240.0,-18.264471,-0.83520555,12.0,1.35,1.62
19.40003,45.0,168,240.0,-18.301975,-0.21587086,12.0,1.35,1.62
19.50003,45.0,168,240.0,-18.276018,0.4021635,12.0,1.35,1.62
19.60003,45.0,168,240.0,-18.186852,1.0173192,12.0,1.35,1.62
19.700031,45.0,168,240.0,-18.034899,1.6279926,12.0,1.35,1.62
19.800032,45.0,168,240.0,-17.820747,2.2326016,12.0,1.35,1.62
19.900032,45.0,168,240.0,-17.545132,2.8296137,12.0,1.35,1.62
20.000032,45.0,168,240.0,-17.208961,3.417478,12.0,1.35,1.62
20.100033,45.0,168,240.0,-16.813274,3.9947171,12.0,1.35,1.62
20.200033,45.0,168,240.0,-16.359297,4.5598383,12.0,1.35,1.62
20.300034,45.0,168,240.0,-15.848362,5.111433,12.0,1.35,1.62
20.400034,45.0,168,240.0,-15.281982,5.648097,12.0,1.35,1.62
20.500034,45.0,168,240.0,-14.6618,6.1684704,12.0,1.35,1.62
20.600035,45.0,168,240.0,-13.989567,6.6712675,12.0,1.35,1.62
20.700035,45.0,168,240.0,-13.267212,7.155219,12.0,1.35,1.62
20.800035,45.0,168,240.0,-12.496733,7.619138,12.0,1.35,1.62
20.900036,45.0,168,240.0,-11.680288,8.061871,12.0,1.35,1.62
21.000036,45.0,168,240.0,-10.820158,8.48232,12.0,1.35,1.62
21.100037,45.0,168,240.0,-9.918671,8.879479,12.0,1.35,1.62
21.200037,45.0,168,240.0,-8.978329,9.25237,12.0,1.35,1.62
21.300037,45.0,168,240.0,-8.0016575,9.600107,12.0,1.35,1.62
21.400038,45.0,168,240.0,-6.9913383,9.921853,12.0,1.35,1.62
21.500038,45.0,168,240.0,-5.9500623,10.216858,12.0,1.35,1.62
21.600039,45.0,168,240.0,-4.8806424,10.484428,12.0,1.35,1.62
21.700039,45.0,168,240.0,-3.7859654,10.723949,12.0,1.35,1.62
21.80004,45.0,168,240.0,-2.6689124,10.934891,12.0,1.35,1.62
21.90004,45.0,168,240.0,-1.5324912,11.116778,12.0,1.35,1.62
22.00004,45.0,168,240.0,-0.37967062,11.269237,12.0,1.35,1.62
22.10004,45.0,168,240.0,0.7864585,11.391953,12.0,1.35,1.62
22.20004,45.0,168,240.0,1.9628701,11.484697,12.0,1.35,1.62
22.300041,45.0,168,240.0,3.1464567,11.547318,12.0,1.35,1.62
22.400042,45.0,168,240.0,4.3340974,11.579742,12.0,1.35,1.62
22.500042,45.0,168,240.0,5.522736,11.581976,12.0,1.35,1.62
22.600042,45.0,168,240.0,6.7092404,11.554105,12.0,1.35,1.62
22.700043,45.0,168,240.0,7.890573,11.496289,12.0,1.35,1.62
22.800043,45.0,168,240.0,9.06366,11.408769,12.0,1.35,1.62
22.900043,45.0,168,240.0,10.225456,11.291862,12.0,1.35,1.62
23.000044,45.0,168,240.0,11.373016,11.145958,12.0,1.35,1.62
23.100044,45.0,168,240.0,12.503361,10.971526,12.0,1.35,1.62
23.200045,45.0,168,240.0,13.613644,10.769098,12.0,1.35,1.62
23.300045,45.0,168,240.0,14.701,10.539293,12.0,1.35,1.62
23.400045,45.0,168,240.0,15.762711,10.282779,12.0,1.35,1.62
23.500046,45.0,168,240.0,16.796074,10.000309,12.0,1.35,1.62
23.600046,45.0,168,240.0,17.798473,9.6926985,12.0,1.35,1.62
23.700047,45.0,168,240.0,18.767426,9.360812,12.0,1.35,1.62
23.800047,45.0,168,240.0,19.700485,9.005596,12.0,1.35,1.62
23.900047,45.0,168,240.0,20.595364,8.62803,12.0,1.35,1.62
24.000048,45.0,168,240.0,21.449818,8.229176,12.0,1.35,1.62
24.100048,45.0,168,240.0,22.261782,7.810121,12.0,1.35,1.62
24.200048,45.0,168,240.0,23.029251,7.3720183,12.0,1.35,1.62
24.300049,45.0,168,240.0,23.750355,6.916075,12.0,1.35,1.62
24.40005,45.0,168,240.0,24.423388,6.443512,12.0,1.35,1.62
24.50005,45.0,168,240.0,25.04671,5.9556217,12.0,1.35,1.62
24.60005,45.0,168,240.0,25.61888,5.453704,12.0,1.35,1.62
24.70005,45.0,168,240.0,26.138548,4.9391108,12.0,1.35,1.62
24.80005,45.0,168,240.0,26.604515,4.413228,12.0,1.35,1.62
24.900051,45.0,168,240.0,27.015747,3.8774369,12.0,1.35,1.62
25.000051,45.0,168,240.0,27.371323,3.3331797,12.0,1.35,1.62
25.100052,45.0,168,240.0,27.670498,2.7818751,12.0,1.35,1.62
25.200052,45.0,168,240.0,27.912655,2.224998,12.0,1.35,1.62
25.300053,45.0,168,240.0,28.097338,1.6639907,12.0,1.35,1.62
25.400053,45.0,168,240.0,28.22424,1.1003346,12.0,1.35,1.62
25.500053,45.0,168,240.0,28.293194,0.5355124,12.0,1.35,1.62
25.600054,45.0,168,240.0,28.304207,-0.029024124,12.0,1.35,1.62
25.700054,45.0,168,240.0,28.257416,-0.5917897,12.0,1.35,1.62
25.800055,45.0,168,240.0,28.153114,-1.1513472,12.0,1.35,1.62
25.900055,45.0,168,240.0,27.991753,-1.7062411,12.0,1.35,1.62
26.000055,45.0,168,240.0,27.773914,-2.2550335,12.0,1.35,1.62
26.100056,45.0,168,240.0,27.500332,-2.7963357,12.0,1.35,1.62
26.200056,45.0,168,240.0,27.17189,-3.3287456,12.0,1.35,1.62
26.300056,45.0,168,240.0,26.7896,-3.8509254,12.0,1.35,1.62
26.400057,45.0,168,240.0,26.354628,-4.3615265,12.0,1.35,1.62
26.500057,45.0,168,240.0,25.868238,-4.8592787,12.0,1.35,1.62
26.600058,45.0,168,240.0,25.331863,-5.342916,12.0,1.35,1.62
26.700058,45.0,168,240.0,24.747055,-5.811213,12.0,1.35,1.62
26.800058,45.0,168,240.0,24.11546,-6.2630205,12.0,1.35,1.62
26.900059,45.0,168,240.0,23.438877,-6.697193,12.0,1.35,1.62
27.00006,45.0,168,240.0,22.719177,-7.1126723,12.0,1.35,1.62
27.10006,45.0,168,240.0,21.958385,-7.5084176,12.0,1.35,1.62
27.20006,45.0,168,240.0,21.158577,-7.8834777,12.0,1.35,1.62
27.30006,45.0,168,240.0,20.321953,-8.23693,12.0,1.35,1.62
27.40006,45.0,168,240.0,19.450819,-8.567911,12.0,1.35,1.62
27.500061,45.0,168,240.0,18.54751,-8.875645,12.0,1.35,1.62
27.600061,45.0,168,240.0,17.614502,-9.15939,12.0,1.35,1.62
27.700062,45.0,168,240.0,16.654274,-9.418488,12.0,1.35,1.62
27.800062,45.0,168,240.0,15.66942,-9.652333,12.0,1.35,1.62
27.900063,45.0,168,240.0,14.66259,-9.860394,12.0,1.35,1.62
28.000063,45.0,168,240.0,13.636433,-10.0422125,12.0,1.35,1.62
28.100063,45.0,168,240.0,12.593708,-10.197383,12.0,1.35,1.62
28.200064,45.0,168,240.0,11.537138,-10.325598,12.0,1.35,1.62
28.300064,45.0,168,240.0,10.469545,-10.42659,12.0,1.35,1.62
28.400064,45.0,168,240.0,9.393702,-10.500185,12.0,1.35,1.62
28.500065,45.0,168,240.0,8.312447,-10.546274,12.0,1.35,1.62
28.600065,45.0,168,240.0,7.2286267,-10.5648155,12.0,1.35,1.62
28.700066,45.0,168,240.0,6.145024,-10.555847,12.0,1.35,1.62
28.800066,45.0,168,240.0,5.0644946,-10.519472,12.0,1.35,1.62
28.900066,45.0,168,240.0,3.9898,-10.455869,12.0,1.35,1.62
29.000067,45.0,168,240.0,2.9237523,-10.365283,12.0,1.35,1.62
29.100067,45.0,168,240.0,1.8690605,-10.248029,12.0,1.35,1.62
29.200068,45.0,168,240.0,0.82844687,-10.104491,12.0,1.35,1.62
29.300068,45.0,168,240.0,-0.1954031,-9.935126,12.0,1.35,1.62
29.400068,45.0,168,240.0,-1.1999211,-9.740443,12.0,1.35,1.62
29.500069,45.0,168,240.0,-2.1825147,-9.521034,12.0,1.35,1.62
29.600069,45.0,168,240.0,-3.1407313,-9.277531,12.0,1.35,1.62
29.70007,45.0,168,240.0,-4.0721364,-9.010644,12.0,1.35,1.62
29.80007,45.0,168,240.0,-4.9743743,-8.721144,12.0,1.35,1.62
29.90007,45.0,168,240.0,-5.8452153,-8.409837,12.0,1.35,1.62
30.00007,45.0,168,240.0,-6.682463,-8.077611,12.0,1.35,1.62
30.10007,45.0,168,240.0,-7.484074,-7.725378,12.0,1.35,1.62
30.200071,45.0,168,240.0,-8.248035,-7.354128,12.0,1.35,1.62
30.300072,45.0,168,240.0,-8.972509,-6.9648676,12.0,1.35,1.62
30.400072,45.0,168,240.0,-9.655714,-6.558668,12.0,1.35,1.62
30.500072,45.0,168,240.0,-10.295982,-6.1366453,12.0,1.35,1.62
30.600073,45.0,168,240.0,-10.891809,-5.6999273,12.0,1.35,1.62
30.700073,45.0,168,240.0,-11.44175,-5.2497087,12.0,1.35,1.62
30.800074,45.0,168,240.0,-11.944534,-4.787183,12.0,1.35,1.62
30.900074,45.0,168,240.0,-12.398981,-4.3136063,12.0,1.35,1.62
31.000074,45.0,168,240.0,-12.804071,-3.830226,12.0,1.35,1.62
31.100075,45.0,168,240.0,-13.158884,-3.3383331,12.0,1.35,1.62
31.200075,45.0,168,240.0,-13.4626465,-2.8392437,12.0,1.35,1.62
31.300076,45.0,168,240.0,-13.714735,-2.334257,12.0,1.35,1.62
31.400076,45.0,168,240.0,-13.914635,-1.8247209,12.0,1.35,1.62
31.500076,45.0,168,240.0,-14.061991,-1.3119555,12.0,1.35,1.62
31.600077,45.0,168,240.0,-14.156578,-0.7973113,12.0,1.35,1.62
31.700077,45.0,168,240.0,-14.198303,-0.2821336,12.0,1.35,1.62
31.800077,45.0,168,240.0,-14.187212,0.2322216,12.0,1.35,1.62
31.900078,45.0,168,240.0,-14.123505,0.74445534,12.0,1.35,1.62
32.000076,45.0,168,240.0,-14.007492,1.2532067,12.0,1.35,1.62
32.100075,45.0,168,240.0,-13.839636,1.757199,12.0,1.35,1.62
32.200073,45.0,168,240.0,-13.620537,2.2551029,12.0,1.35,1.62
32.30007,45.0,168,240.0,-13.350906,2.7456584,12.0,1.35,1.62
32.40007,45.0,168,240.0,-13.0315895,3.2276325,12.0,1.35,1.62
32.50007,45.0,168,240.0,-12.663586,3.699761,12.0,1.35,1.62
32.600067,45.0,168,240.0,-12.247984,4.160866,12.0,1.35,1.62
32.700066,45.0,168,240.0,-11.786009,4.609781,12.0,1.35,1.62
32.800064,45.0,168,240.0,-11.27898,5.045392,12.0,1.35,1.62
32.900063,45.0,168,240.0,-10.728388,5.4665747,12.0,1.35,1.62
33.00006,45.0,168,240.0,-10.135771,5.8722944,12.0,1.35,1.62
33.10006,45.0,168,240.0,-9.5028,6.2615414,12.0,1.35,1.62
33.200058,45.0,168,240.0,-8.831211,6.6333685,12.0,1.35,1.62
33.300056,45.0,168,240.0,-8.122915,6.986834,12.0,1.35,1.62
33.400055,45.0,168,240.0,-7.3798394,7.321086,12.0,1.35,1.62
33.500053,45.0,168,240.0,-6.603991,7.635328,12.0,1.35,1.62
33.60005,45.0,168,240.0,-5.7975373,7.9287767,12.0,1.35,1.62
33.70005,45.0,168,240.0,-4.9626384,8.200745,12.0,1.35,1.62
33.80005,45.0,168,240.0,-4.1015534,8.450591,12.0,1.35,1.62
33.900047,45.0,168,240.0,-3.216558,8.677738,12.0,1.35,1.62
34.000046,45.0,168,240.0,-2.3100934,8.881647,12.0,1.35,1.62
34.100044,45.0,168,240.0,-1.3845458,9.061869,12.0,1.35,1.62
34.200043,45.0,168,240.0,-0.44234228,9.218009,12.0,1.35,1.62
34.30004,45.0,168,240.0,0.5139489,9.34972,12.0,1.35,1.62
34.40004,45.0,168,240.0,1.4818363,9.456742,12.0,1.35,1.62
34.50004,45.0,168,240.0,2.4587684,9.53887,12.0,1.35,1.62
34.600037,45.0,168,240.0,3.4422183,9.595966,12.0,1.35,1.62
34.700035,45.0,168,240.0,4.429536,9.627954,12.0,1.35,1.62
34.800034,45.0,168,240.0,5.4181814,9.634823,12.0,1.35,1.62
34.900032,45.0,168,240.0,6.405618,9.616636,12.0,1.35,1.62
35.00003,45.0,168,240.0,7.38921,9.573512,12.0,1.35,1.62
35.10003,45.0,168,240.0,8.36645,9.505639,12.0,1.35,1.62
35.200027,45.0,168,240.0,9.334815,9.413266,12.0,1.35,1.62
35.300026,45.0,168,240.0,10.291855,9.296703,12.0,1.35,1.62
35.400024,45.0,168,240.0,11.235041,9.156334,12.0,1.35,1.62
35.500023,45.0,168,240.0,12.162001,8.992588,12.0,1.35,1.62
35.60002,45.0,168,240.0,13.070377,8.805964,12.0,1.35,1.62
35.70002,45.0,168,240.0,13.957893,8.597006,12.0,1.35,1.62
35.80002,45.0,168,240.0,14.822243,8.366339,12.0,1.35,1.62
35.900017,45.0,168,240.0,15.661276,8.114616,12.0,1.35,1.62
36.000015,45.0,168,240.0,16.472927,7.8425503,12.0,1.35,1.62
36.100014,45.0,168,240.0,17.255096,7.5509253,12.0,1.35,1.62
36.200012,45.0,168,240.0,18.005882,7.24055,12.0,1.35,1.62
36.30001,45.0,168,240.0,18.72342,6.912286,12.0,1.35,1.62
36.40001,45.0,168,240.0,19.405972,6.5670266,12.0,1.35,1.62
36.500008,45.0,168,240.0,20.051817,6.205745,12.0,1.35,1.62
36.600006,45.0,168,240.0,20.659409,5.829416,12.0,1.35,1.62
36.700005,45.0,168,240.0,21.22731,5.439047,12.0,1.35,1.62
36.800003,45.0,168,240.0,21.754118,5.0357237,12.0,1.35,1.62
36.9,45.0,168,240.0,22.23861,4.6205187,12.0,1.35,1.62
37.0,45.0,168,240.0,22.679647,4.194547,12.0,1.35,1.62
37.1,45.0,168,240.0,23.076233,3.7589307,12.0,1.35,1.62
37.199997,45.0,168,240.0,23.427443,3.3148632,12.0,1.35,1.62
37.299995,45.0,168,240.0,23.732506,2.8635073,12.0,1.35,1.62
37.399994,45.0,168,240.0,23.990774,2.4060578,12.0,1.35,1.62
37.499992,45.0,168,240.0,24.201721,1.943706,12.0,1.35,1.62
37.59999,45.0,168,240.0,24.364923,1.4777,12.0,1.35,1.62
37.69999,45.0,168,240.0,24.48011,1.0092459,12.0,1.35,1.62
37.799988,45.0,168,240.0,24.547127,0.53955007,12.0,1.35,1.62
37.899986,45.0,168,240.0,24.565937,0.06987238,12.0,1.35,1.62
37.999985,45.0,168,240.0,24.53664,-0.3985834,12.0,1.35,1.62
38.099983,45.0,168,240.0,24.459454,-0.86460614,12.0,1.35,1.62
38.19998,45.0,168,240.0,24.334717,-1.3270063,12.0,1.35,1.62
38.29998,45.0,168,240.0,24.162907,-1.78456,12.0,1.35,1.62
38.39998,45.0,168,240.0,23.944607,-2.2361104,12.0,1.35,1.62
38.499977,45.0,168,240.0,23.680511,-2.6805174,12.0,1.35,1.62
38.599976,45.0,168,240.0,23.371464,-3.1166155,12.0,1.35,1.62
38.699974,45.0,168,240.0,23.018387,-3.5433114,12.0,1.35,1.62
38.799973,45.0,168,240.0,22.622337,-3.9595258,12.0,1.35,1.62
38.89997,45.0,168,240.0,22.184452,-4.3642225,12.0,1.35,1.62
38.99997,45.0,168,240.0,21.70603,-4.7563543,12.0,1.35,1.62
39.099968,45.0,168,240.0,21.188414,-5.134955,12.0,1.35,1.62
39.199966,45.0,168,240.0,20.633047,-5.499095,12.0,1.35,1.62
39.299965,45.0,168,240.0,20.04153,-5.847842,12.0,1.35,1.62
39.399963,45.0,168,240.0,19.415485,-6.1803527,12.0,1.35,1.62
39.49996,45.0,168,240.0,18.756641,-6.49581,12.0,1.35,1.62
39.59996,45.0,168,240.0,18.066782,-6.793453,12.0,1.35,1.62
39.69996,45.0,168,240.0,17.347849,-7.072546,12.0,1.35,1.62
39.799957,45.0,168,240.0,16.601767,-7.332423,12.0,1.35,1.62
39.899956,45.0,168,240.0,15.830557,-7.5724707,12.0,1.35,1.62
39.999954,45.0,168,240.0,15.03627,-7.7921314,12.0,1.35,1.62
40.099953,45.0,168,240.0,14.221096,-7.990878,12.0,1.35,1.62
40.19995,45.0,168,240.0,13.387188,-8.168266,12.0,1.35,1.62
40.29995,45.0,168,240.0,12.536737,-8.323904,12.0,1.35,1.62
40.39995,45.0,168,240.0,11.672066,-8.457439,12.0,1.35,1.62
40.499947,45.0,168,240.0,10.795429,-8.568597,12.0,1.35,1.62
40.599945,45.0,168,240.0,9.909147,-8.657157,12.0,1.35,1.62
40.699944,45.0,168,240.0,9.015512,-8.722959,12.0,1.35,1.62
40.799942,45.0,168,240.0,8.11694,-8.765892,12.0,1.35,1.62
40.89994,45.0,168,240.0,7.2157426,-8.785917,12.0,1.35,1.62
40.99994,45.0,168,240.0,6.3142395,-8.7830515,12.0,1.35,1.62
41.099937,45.0,168,240.0,5.41484,-8.757368,12.0,1.35,1.62
41.199936,45.0,168,240.0,4.5198417,-8.709005,12.0,1.35,1.62
41.299934,45.0,168,240.0,3.631558,-8.638155,12.0,1.35,1.62
41.399933,45.0,168,240.0,2.752244,-8.545066,12.0,1.35,1.62
41.49993,45.0,168,240.0,1.8842235,-8.430052,12.0,1.35,1.62
41.59993,45.0,168,240.0,1.029686,-8.293472,12.0,1.35,1.62
41.69993,45.0,168,240.0,0.19077826,-8.135745,12.0,1.35,1.62
41.799927,45.0,168,240.0,-0.63029957,-7.9573517,12.0,1.35,1.62
41.899925,45.0,168,240.0,-1.4315004,-7.758813,12.0,1.35,1.62
41.999924,45.0,168,240.0,-2.2108026,-7.540704,12.0,1.35,1.62
42.099922,45.0,168,240.0,-2.9662738,-7.3036423,12.0,1.35,1.62
42.19992,45.0,168,240.0,-3.6959662,-7.048317,12.0,1.35,1.62
42.29992,45.0,168,240.0,-4.398087,-6.7754383,12.0,1.35,1.62
42.399918,45.0,168,240.0,-5.070894,-6.485767,12.0,1.35,1.62
42.499916,45.0,168,240.0,-5.712752,-6.1800947,12.0,1.35,1.62
42.599915,45.0,168,240.0,-6.322037,-5.8592873,12.0,1.35,1.62
42.699913,45.0,168,240.0,-6.897286,-5.524212,12.0,1.35,1.62
42.79991,45.0,168,240.0,-7.4371266,-5.175767,12.0,1.35,1.62
42.89991,45.0,168,240.0,-7.9402223,-4.8149257,12.0,1.35,1.62
42.99991,45.0,168,240.0,-8.405394,-4.44265,12.0,1.35,1.62
43.099907,45.0,168,240.0,-8.831545,-4.059942,12.0,1.35,1.62
43.199905,45.0,168,240.0,-9.217703,-3.6678102,12.0,1.35,1.62
43.299904,45.0,168,240.0,-9.56295,-3.2673326,12.0,1.35,1.62
43.399902,45.0,168,240.0,-9.866529,-2.8595612,12.0,1.35,1.62
43.4999,45.0,168,240.0,-10.127787,-2.4455605,12.0,1.35,1.62
43.5999,45.0,168,240.0,-10.346146,-2.0264568,12.0,1.35,1.62
43.699898,45.0,168,240.0,-10.521179,-1.6033378,12.0,1.35,1.62
43.799896,45.0,168,240.0,-10.652563,-1.1773162,12.0,1.35,1.62
43.899895,45.0,168,240.0,-10.740089,-0.74949193,12.0,1.35,1.62
43.999893,45.0,168,240.0,-10.783653,-0.32101274,12.0,1.35,1.62
44.09989,45.0,168,240.0,-10.783276,0.10702062,12.0,1.35,1.62
44.19989,45.0,168,240.0,-10.739092,0.53349805,12.0,1.35,1.62
44.29989,45.0,168,240.0,-10.651342,0.95733047,12.0,1.35,1.62
44.399887,45.0,168,240.0,-10.52039,1.3773944,12.0,1.35,1.62
44.499886,45.0,168,240.0,-10.3467045,1.7926247,12.0,1.35,1.62
44.599884,45.0,168,240.0,-10.130854,2.201971,12.0,1.35,1.62
44.699883,45.0,168,240.0,-9.873541,2.6043572,12.0,1.35,1.62
44.79988,45.0,168,240.0,-9.575554,2.998775,12.0,1.35,1.62
44.89988,45.0,168,240.0,-9.237785,3.384221,12.0,1.35,1.62
44.999878,45.0,168,240.0,-8.8612175,3.759736,12.0,1.35,1.62
45.099876,45.0,168,240.0,-8.446974,4.1243453,12.0,1.35,1.62
45.199875,45.0,168,240.0,-7.9962296,4.4771485,12.0,1.35,1.62
45.299873,45.0,168,240.0,-7.5102468,4.8172755,12.0,1.35,1.62
45.39987,45.0,168,240.0,-6.9904275,5.143855,12.0,1.35,1.62
45.49987,45.0,168,240.0,-6.43821,5.4560933,12.0,1.35,1.62
45.59987,45.0,168,240.0,-5.855124,5.753219,12.0,1.35,1.62
45.699867,45.0,168,240.0,-5.2427535,6.0345173,12.0,1.35,1.62
45.799866,45.0,168,240.0,-4.6028247,6.299284,12.0,1.35,1.62
45.899864,45.0,168,240.0,-3.937056,6.5468903,12.0,1.35,1.62
45.999863,45.0,168,240.0,-3.2472339,6.776752,12.0,1.35,1.62
46.09986,45.0,168,240.0,-2.5352702,6.9883084,12.0,1.35,1.62
46.19986,45.0,168,240.0,-1.8030586,7.1810727,12.0,1.35,1.62
46.29986,45.0,168,240.0,-1.0525613,7.354601,12.0,1.35,1.62
46.399857,45.0,168,240.0,-0.28575373,7.508503,12.0,1.35,1.62
46.499855,45.0,168,240.0,0.495265,7.6424284,12.0,1.35,1.62
46.599854,45.0,168,240.0,1.2884512,7.756093,12.0,1.35,1.62
46.699852,45.0,168,240.0,2.0917068,7.8492627,12.0,1.35,1.62
46.79985,45.0,168,240.0,2.9029455,7.92176,12.0,1.35,1.62
46.89985,45.0,168,240.0,3.719975,7.973452,12.0,1.35,1.62
46.999847,45.0,168,240.0,4.5406837,8.004269,12.0,1.35,1.62
47.099846,45.0,168,240.0,5.3629603,8.014193,12.0,1.35,1.62
47.199844,45.0,168,240.0,6.184601,8.003261,12.0,1.35,1.62
47.299843,45.0,168,240.0,7.0035024,7.971565,12.0,1.35,1.62
47.39984,45.0,168,240.0,7.8175454,7.9192467,12.0,1.35,1.62
47.49984,45.0,168,240.0,8.62466,7.8465023,12.0,1.35,1.62
47.59984,45.0,168,240.0,9.4227085,7.7535877,12.0,1.35,1.62
47.699837,45.0,168,240.0,10.209673,7.640802,12.0,1.35,1.62
47.799835,45.0,168,240.0,10.983572,7.5084915,12.0,1.35,1.62
